// No 1
MariaDB [db_pos]> SELECT * FROM produk
    -> ORDER BY harga_beli DESC LIMIT 2;
+----+------+-----------------+------------+------------+------+----------+------+-----------+-----------------+
| id | kode | nama            | harga_beli | harga_jual | stok | min_stok | foto | deskripsi | jenis_produk_id |
+----+------+-----------------+------------+------------+------+----------+------+-----------+-----------------+
| 11 | L005 | Laptop Lenovo   |   13000000 |   16000000 |    5 |        2 |      | NULL      |               1 |
|  9 | LN01 | Notebook Lenovo |    9000000 |   12480000 |    9 |        2 | NULL | NULL      |               5 |
+----+------+-----------------+------------+------------+------+----------+------+-----------+-----------------+
2 rows in set (0.001 sec)

// No 2
MariaDB [db_pos]> SELECT * FROM produk
    -> ORDER BY harga_beli ASC LIMIT 1;
+----+------+-----------+------------+------------+------+----------+------------+-----------+-----------------+
| id | kode | nama      | harga_beli | harga_jual | stok | min_stok | foto       | deskripsi | jenis_produk_id |
+----+------+-----------+------------+------------+------+----------+------------+-----------+-----------------+
|  7 | TB01 | Teh Botol |       2000 |       2500 |   53 |       10 | foto-7.jpg | NULL      |               4 |
+----+------+-----------+------------+------------+------+----------+------------+-----------+-----------------+
1 row in set (0.001 sec)

// No 3
MariaDB [db_pos]> SELECT * FROM produk ORDER BY stok DESC LIMIT 1;
+----+------+-----------+------------+------------+------+----------+------------+-----------+-----------------+
| id | kode | nama      | harga_beli | harga_jual | stok | min_stok | foto       | deskripsi | jenis_produk_id |
+----+------+-----------+------------+------------+------+----------+------------+-----------+-----------------+
|  7 | TB01 | Teh Botol |       2000 |       2500 |   53 |       10 | foto-7.jpg | NULL      |               4 |
+----+------+-----------+------------+------------+------+----------+------------+-----------+-----------------+
1 row in set (0.001 sec)

// No 4
MariaDB [db_pos]> SELECT * FROM produk ORDER BY stok ASC LIMIT 2;
+----+------+------------------+------------+------------+------+----------+------+-----------+-----------------+
| id | kode | nama             | harga_beli | harga_jual | stok | min_stok | foto | deskripsi | jenis_produk_id |
+----+------+------------------+------------+------------+------+----------+------+-----------+-----------------+
|  2 | TV02 | Televisi 40 inch |    5500000 |    7440000 |    4 |        2 | NULL | NULL      |               1 |
|  4 | M001 | Meja Makan       |     500000 |     600000 |    4 |        3 | NULL | NULL      |               2 |
+----+------+------------------+------------+------------+------+----------+------+-----------+-----------------+
2 rows in set (0.001 sec)

// No 5
MariaDB [db_pos]> SELECT * FROM pelanggan ORDER BY tgl_lahir DESC LIMIT 1;
+----+-------+------+----+-----------+------------+---------------+----------+
| id | kode  | nama | jk | tmp_lahir | tgl_lahir  | email         | kartu_id |
+----+-------+------+----+-----------+------------+---------------+----------+
| 12 | K0011 | Ira  | P  | Jakarta   | 2023-11-07 | ira@gmail.com |        4 |
+----+-------+------+----+-----------+------------+---------------+----------+
1 row in set (0.313 sec)

// No 6
MariaDB [db_pos]> SELECT * FROM pelanggan ORDER BY tgl_lahir ASC LIMIT 1;
+----+------+--------------+----+------------+------------+-----------------+----------+
| id | kode | nama         | jk | tmp_lahir  | tgl_lahir  | email           | kartu_id |
+----+------+--------------+----+------------+------------+-----------------+----------+
|  2 | C002 | Pandan Wangi | P  | Yogyakarta | 1950-01-01 | wangi@gmail.com |        2 |
+----+------+--------------+----+------------+------------+-----------------+----------+
1 row in set (0.001 sec)