// No 1
MariaDB [db_pos]> SELECT * FROM pesanan;
+----+------------+---------+--------------+
| id | tanggal    | total   | pelanggan_id |
+----+------------+---------+--------------+
|  1 | 2015-11-04 | 9720000 |            1 |
|  2 | 2015-11-04 |   17500 |            3 |
|  3 | 2015-11-04 |       0 |            6 |
|  4 | 2015-11-04 |       0 |            7 |
|  5 | 2015-11-04 |       0 |           10 |
|  6 | 2015-11-04 |       0 |            2 |
|  7 | 2015-11-04 |       0 |            5 |
|  8 | 2015-11-04 |       0 |            4 |
|  9 | 2015-11-04 |       0 |            8 |
| 10 | 2015-11-04 |       0 |            9 |
| 11 | 2015-11-04 |   30000 |            9 |
+----+------------+---------+--------------+
11 rows in set (0.004 sec)

MariaDB [db_pos]> ALTER TABLE pembayaran ADD status_pembayaran2 varchar(25);
Query OK, 0 rows affected (0.176 sec)
Records: 0  Duplicates: 0  Warnings: 0

MariaDB [db_pos]> DELIMITER $$
MariaDB [db_pos]> CREATE TRIGGER cek_pembayaran BEFORE INSERT ON pembayaran
    -> FOR EACH ROW
    -> BEGIN
    -> DECLARE total_bayar DECIMAL(10, 2);
    -> DECLARE total_pesanan DECIMAL(10, 2);
    -> SELECT SUM(jumlah) INTO total_bayar FROM pembayaran WHERE pesanan_id = NEW.pesanan_id;
    -> SELECT total INTO total_pesanan FROM pesanan WHERE id = NEW.pesanan_id;
    -> IF total_bayar + NEW.jumlah >= total_pesanan THEN
    -> SET NEW.status_pembayaran2 = 'Lunas';
    -> END IF;
    -> END $$
Query OK, 0 rows affected (0.232 sec)

MariaDB [db_pos]> DELIMITER ;

// No 2
MariaDB [db_pos]> DELIMITER $$
MariaDB [db_pos]> CREATE PROCEDURE kurangi_stok(IN produk_id INT, IN jumlah_pesanan INT)
    -> BEGIN
    -> DECLARE stok_produk INT;
    -> SELECT stok INTO stok_produk FROM produk WHERE id = produk_id;
    -> SET stok_produk = stok_produk - jumlah_pesanan;
    -> IF stok_produk < 0 THEN
    -> SIGNAL SQLSTATE '45000'
    -> SET MESSAGE_TEXT = 'Stok produk tidak mencukupi';
    -> END IF;
    -> UPDATE produk SET stok = stok_produk WHERE id = produk_id;
    -> END $$
Query OK, 0 rows affected (1.148 sec)

MariaDB [db_pos]> DELIMITER ;

// No 3
MariaDB [db_pos]> DELIMITER $$
MariaDB [db_pos]> CREATE TRIGGER trig_kurangi_stok AFTER INSERT ON pesanan_items
    -> FOR EACH ROW
    -> BEGIN
    -> CALL kurangi_stok(NEW.produk_id, NEW.qty);
    -> END $$
Query OK, 0 rows affected (0.586 sec)

MariaDB [db_pos]> DELIMITER ;
MariaDB [db_pos]> SELECT * FROM `produk`;
+----+--------+-------------------+------------+--------------------+------+----------+------------------------+---------------------------------------------------------------------------------------------------------------------------------------------------------------------------------------------------------------------+-----------------+
| id | kode   | nama              | harga_beli | harga_jual         | stok | min_stok | foto                   | deskripsi

                                                       | jenis_produk_id |
+----+--------+-------------------+------------+--------------------+------+----------+------------------------+---------------------------------------------------------------------------------------------------------------------------------------------------------------------------------------------------------------------+-----------------+
|  1 | TV01   | Televisi 21 inchs |    3500000 | 101000000.03999999 |    5 |        2 |                        | NULL

                                                       |               1 |
|  2 | TV02   | Televisi 40 inch  |    5500000 |        14880000.04 |    4 |        2 | NULL                   | NULL

                                                       |               1 |
|  3 | K001   | Kulkas 2 pintu    |    3500000 |         9360000.04 |    6 |        2 |                        | NULL

                                                       |               1 |
|  4 | M001   | Meja Makan        |     500000 |             600000 |    4 |        3 | NULL                   | NULL

                                                       |               2 |
|  5 | TK01   | Teh Kotak         |       3000 |               3500 |    6 |       10 | foto-5.png             | NULL

                                                       |               4 |
|  6 | PC01   | PC Desktop HP     |    7000000 |            9984000 |    9 |        2 | NULL                   | NULL

                                                       |               5 |
|  7 | TB01   | Teh Botol         |       2000 |               2500 |   53 |       10 | foto-7.jpg             | NULL

                                                       |               4 |
|  8 | AC01   | Notebook Acer S   |    8000000 |           11232000 |    7 |        2 | NULL                   | NULL
                                                                                                                                                                                              |               5 |
|  9 | LN01   | Notebook Lenovo   |    9000000 |           12480000 |    9 |        2 | NULL                   | NULL

                                                       |               5 |
| 11 | L005   | Laptop Lenovo     |   13000000 |        32000000.04 |    5 |        2 |                        | NULL

                                                       |               1 |
| 15 | L112   | Kopi              |      20000 |              30000 |   10 |       15 | foto-15.png            | Luwak White Coffee merupakan bubuk biji kopi luwak yang dikombinasikan dengan gurihnya krimer serta manisnya gula. Keharuman kopi serta rasa manisnya yang pas juga membuat popularitas Luwak White Coffee melejit. |               4 |
| 16 | L113   | Teh Sosro 2       |      10000 |           30000.04 |   10 |       12 | .png                   | NULL

                                                       |               1 |
| 18 | L0015  | Laptop Asus       |    3000000 |        10000000.04 |   10 |       20 | foto-65542ffa66604.jpg | NULL

                                                       |               1 |
| 19 | TV0115 | Televisi 22 inc`  |    3500000 | 101000000.03999999 |    5 |        2 | NULL                   | NULL

                                                       |               1 |
| 20 | TV0116 | Televisi 23 inc   |    3500000 | 101000000.03999999 |    5 |        2 | NULL                   | NULL

                                                       |               1 |
| 21 | TV0117 | Televisi 24 inc   |    3500000 | 101000000.03999999 |    5 |        2 | NULL                   | NULL

                                                       |               1 |
| 22 | TV0118 | Televisi 25 inc   |    3500000 | 101000000.03999999 |    5 |        2 | NULL                   | NULL

                                                       |               1 |
| 24 | TV0120 | Televisi 27 inc   |    3500000 | 101000000.03999999 |    5 |        2 | NULL                   | NULL

                                                       |               1 |
| 25 | TV0121 | Televisi 28 inc   |    3500000 | 101000000.03999999 |    5 |        2 | NULL                   | NULL

                                                       |               1 |
| 26 | TV0122 | Televisi 29 inc   |    3500000 | 101000000.03999999 |    5 |        2 | NULL                   | NULL

                                                       |               1 |
| 27 | THP001 | Teh Pucuk         |       4000 |               5000 |   10 |        2 | pucuk.jpg              | Teh pucuk adalah

                                                       |               4 |
| 28 | THP002 | Teh Pucuk2        |       4000 |               5000 |   10 |        2 | pucuk.jpg              | Teh pucuk adalah

                                                       |               4 |
+----+--------+-------------------+------------+--------------------+------+----------+------------------------+---------------------------------------------------------------------------------------------------------------------------------------------------------------------------------------------------------------------+-----------------+
22 rows in set (0.001 sec)

MariaDB [db_pos]> INSERT INTO pesanan_items (produk_id, pesanan_id, qty, harga) VALUES
    -> (7, 3, 2, 7000);
Query OK, 1 row affected (0.242 sec)

MariaDB [db_pos]> SELECT * FROM `produk`;
+----+--------+-------------------+------------+--------------------+------+----------+------------------------+---------------------------------------------------------------------------------------------------------------------------------------------------------------------------------------------------------------------+-----------------+
| id | kode   | nama              | harga_beli | harga_jual         | stok | min_stok | foto                   | deskripsi

                                                       | jenis_produk_id |
+----+--------+-------------------+------------+--------------------+------+----------+------------------------+---------------------------------------------------------------------------------------------------------------------------------------------------------------------------------------------------------------------+-----------------+
|  1 | TV01   | Televisi 21 inchs |    3500000 | 101000000.03999999 |    5 |        2 |                        | NULL

                                                       |               1 |
|  2 | TV02   | Televisi 40 inch  |    5500000 |        14880000.04 |    4 |        2 | NULL                   | NULL

                                                       |               1 |
|  3 | K001   | Kulkas 2 pintu    |    3500000 |         9360000.04 |    6 |        2 |                        | NULL

                                                       |               1 |
|  4 | M001   | Meja Makan        |     500000 |             600000 |    4 |        3 | NULL                   | NULL

                                                       |               2 |
|  5 | TK01   | Teh Kotak         |       3000 |               3500 |    6 |       10 | foto-5.png             | NULL

                                                       |               4 |
|  6 | PC01   | PC Desktop HP     |    7000000 |            9984000 |    9 |        2 | NULL                   | NULL

                                                       |               5 |
|  7 | TB01   | Teh Botol         |       2000 |               2500 |   51 |       10 | foto-7.jpg             | NULL

                                                       |               4 |
|  8 | AC01   | Notebook Acer S   |    8000000 |           11232000 |    7 |        2 | NULL                   | NULL

                                                       |               5 |
|  9 | LN01   | Notebook Lenovo   |    9000000 |           12480000 |    9 |        2 | NULL                   | NULL

                                                       |               5 |
| 11 | L005   | Laptop Lenovo     |   13000000 |        32000000.04 |    5 |        2 |                        | NULL

                                                       |               1 |
| 15 | L112   | Kopi              |      20000 |              30000 |   10 |       15 | foto-15.png            | Luwak White Coffee merupakan bubuk biji kopi luwak yang dikombinasikan dengan gurihnya krimer serta manisnya gula. Keharuman kopi serta rasa manisnya yang pas juga membuat popularitas Luwak White Coffee melejit. |               4 |
| 16 | L113   | Teh Sosro 2       |      10000 |           30000.04 |   10 |       12 | .png                   | NULL

                                                       |               1 |
| 18 | L0015  | Laptop Asus       |    3000000 |        10000000.04 |   10 |       20 | foto-65542ffa66604.jpg | NULL

                                                       |               1 |
| 19 | TV0115 | Televisi 22 inc`  |    3500000 | 101000000.03999999 |    5 |        2 | NULL                   | NULL

                                                       |               1 |
| 20 | TV0116 | Televisi 23 inc   |    3500000 | 101000000.03999999 |    5 |        2 | NULL                   | NULL

                                                       |               1 |
| 21 | TV0117 | Televisi 24 inc   |    3500000 | 101000000.03999999 |    5 |        2 | NULL                   | NULL

                                                       |               1 |
| 22 | TV0118 | Televisi 25 inc   |    3500000 | 101000000.03999999 |    5 |        2 | NULL                   | NULL

                                                       |               1 |
| 24 | TV0120 | Televisi 27 inc   |    3500000 | 101000000.03999999 |    5 |        2 | NULL                   | NULL

                                                       |               1 |
| 25 | TV0121 | Televisi 28 inc   |    3500000 | 101000000.03999999 |    5 |        2 | NULL                   | NULL

                                                       |               1 |
| 26 | TV0122 | Televisi 29 inc   |    3500000 | 101000000.03999999 |    5 |        2 | NULL                   | NULL

                                                       |               1 |
| 27 | THP001 | Teh Pucuk         |       4000 |               5000 |   10 |        2 | pucuk.jpg              | Teh pucuk adalah      
                                                       |               4 |
| 28 | THP002 | Teh Pucuk2        |       4000 |               5000 |   10 |        2 | pucuk.jpg              | Teh pucuk adalah      
                                                       |               4 |
+----+--------+-------------------+------------+--------------------+------+----------+------------------------+---------------------------------------------------------------------------------------------------------------------------------------------------------------------------------------------------------------------+-----------------+
22 rows in set (0.001 sec)